{"zlim": [-0.216196418, 0.0, 0.321521342, 0.321522832, 0.431444407, 0.499780536, 0.503123224, 0.507309079, 0.510997176, 0.515224516, 0.519781768, 0.524205208, 0.57945019, 0.57945019, 0.5959602, 0.5959602, 0.402968436, 0.385544062, 0.388652742, 0.352397323, 0.339552283, 0.33869043, 0.338255614, 0.337820739, 0.337820739, 0.337819993, 0.263990015, 0.263990015, 0.228210002, 0.191770002, 0.173989996, 0.156210005, 0.138429999, 0.120650001, 0.102870002, 0.0832099989, 0.0811700001, 0.0609599985, 0.0406400003, 0.0203200001, 0.0, -0.0203200001, -0.0406400003, -0.0609599985, -0.0811700001, -0.0832099989, -0.102870002, -0.120650001, -0.138429999, -0.156210005, -0.173989996, -0.191770002, -0.228210002, -0.263990015, -0.263990015, -0.337819993, -0.337819993, -0.3378205, -0.338255346, -0.338690192, -0.339552015, -0.34878847, -0.34878847, -0.37168327, -0.363235235, -0.357101142, -0.372831345, -0.363176823, -0.3602736, -0.357979208, -0.356278926, -0.35566783, -0.355988622, -0.367797077, -0.369149864, -0.370879114, -0.372947425, -0.375363737, -0.417278826, -0.421807617, -0.426059604, -0.430810899, -0.436008811, -0.441299617, -0.446277976, -0.451468766, -0.456082374, -0.461299539, -0.573902845, -0.573899984, -0.595899999, -0.595899999, -0.57945019, -0.57945019, -0.580687165, -0.580687165, -0.512107134, -0.505909562, -0.500126004, -0.488804936, -0.481288821, -0.467233002, -0.467233002, -0.295545757, -0.252162039, -0.250095248, -0.216196418], "rlim": [0.440103501, 0.440103501, 0.440103501, 0.439978808, 0.439978808, 0.555099189, 0.559679568, 0.563580275, 0.566000164, 0.567936361, 0.569211483, 0.569742084, 0.56977278, 0.572820783, 0.601416111, 0.699668407, 0.699769974, 0.764799118, 0.765631676, 0.900938213, 0.948875129, 0.952090979, 0.955393314, 0.958695829, 0.962024987, 1.06159294, 1.06159294, 0.817939997, 0.817629993, 0.836199999, 0.849810004, 0.861490011, 0.871469975, 0.879960001, 0.88707, 0.893459976, 0.894339979, 0.899010003, 0.902320027, 0.90429002, 0.904940009, 0.90429002, 0.902320027, 0.899010003, 0.894339979, 0.893459976, 0.88707, 0.879960001, 0.871469975, 0.861490011, 0.849810004, 0.836199999, 0.817629993, 0.817939997, 1.06159294, 1.06159294, 0.962024987, 0.958695829, 0.955393314, 0.952090979, 0.948875129, 0.914405346, 0.914399981, 0.828959465, 0.820811152, 0.819167793, 0.760468364, 0.757882655, 0.756719589, 0.754844785, 0.751928151, 0.748842776, 0.746094525, 0.702017903, 0.697808623, 0.693813682, 0.690067172, 0.686536551, 0.629772723, 0.624433577, 0.620654047, 0.617407441, 0.614763319, 0.612872779, 0.611737907, 0.611168206, 0.611168206, 0.611736178, 0.629500926, 0.702899992, 0.702899992, 0.602199972, 0.5729478, 0.570407808, 0.570407808, 0.569899797, 0.569899797, 0.565144897, 0.560705006, 0.517377675, 0.489286542, 0.438795388, 0.468294233, 0.468260646, 0.460593939, 0.459844649, 0.440103501]}